question_id,tier,question,strategy,answer,confidence,is_answerable,expected_answerable,abstention_correct,retrieve_latency,generate_latency,total_latency,top_sources
q001,1,What are the default LoRA parameters used in the HuggingFace PEFT integration example for causal lan,naive,"r=16, lora_alpha=32, target_modules=[""q_proj"", ""k_proj""]",0.8,True,True,True,0.652,0.742,1.394,
q001,1,What are the default LoRA parameters used in the HuggingFace PEFT integration example for causal lan,hybrid,"r=8, lora_alpha=32, lora_dropout=0.1",1.0,True,True,True,0.752,0.642,1.394,
q001,1,What are the default LoRA parameters used in the HuggingFace PEFT integration example for causal lan,hyde,"r=16, lora_alpha=32",0.8,True,True,True,1.229,0.375,1.604,
q001,1,What are the default LoRA parameters used in the HuggingFace PEFT integration example for causal lan,reranked,"The default LoRA parameters used are: r=16 (LoRA rank), lora_alpha=32 (LoRA scaling factor). These control the dimension of the smaller matrices and the scaling of the LoRA adapter, respectively.",0.8,True,True,True,1.94,0.795,2.735,
q002,1,How does QLoRA combine quantization with LoRA for fine-tuning large language models according to the,naive,"QLoRA combines quantization with LoRA by inserting a small set of trainable low-rank adaptation (LoRA) weights, enabling 4-bit quantization and maintaining trainability.",0.8,True,True,True,0.732,0.816,1.548,
q002,1,How does QLoRA combine quantization with LoRA for fine-tuning large language models according to the,hybrid,QLoRA is a 4-bit quantization technique that compresses models even further while maintaining trainability by inserting a small set of trainable low-rank adaptation (LoRA) weights.,0.8,True,True,True,0.6,0.756,1.356,
q002,1,How does QLoRA combine quantization with LoRA for fine-tuning large language models according to the,hyde,QLoRA combines quantization with LoRA for fine-tuning large language models by using a 4-bit quantization technique that compresses models even further while maintaining trainability by inserting a sm,0.8,True,True,True,1.32,0.544,1.864,
q002,1,How does QLoRA combine quantization with LoRA for fine-tuning large language models according to the,reranked,QLoRA is a 4-bit quantization technique that compresses models even further while maintaining trainability by inserting a small set of trainable low-rank adaptation (LoRA) weights.,1.0,True,True,True,1.799,0.588,2.387,
q003,1,"What are the two RAG formulations introduced in the original RAG paper, and how do they differ in th",hybrid,RAG-Sequence and RAG-Token,0.9,True,True,True,0.681,0.653,1.334,
q003,1,"What are the two RAG formulations introduced in the original RAG paper, and how do they differ in th",reranked,"RAG-Sequence and RAG-Token. RAG-Sequence uses the same retrieved document across the whole generated sequence, while RAG-Token can use different passages per token.",0.9,True,True,True,1.707,0.566,2.273,
q004,1,How does HyDE (Hypothetical Document Embeddings) perform zero-shot dense retrieval without relevance,naive,"HyDE performs zero-shot dense retrieval without relevance labels by performing search in a document-only embedding space that captures document-document similarity, which can be learned using unsuperv",0.9,True,True,True,0.725,0.715,1.44,
q004,1,How does HyDE (Hypothetical Document Embeddings) perform zero-shot dense retrieval without relevance,hybrid,"HyDE performs zero-shot dense retrieval by circumventing the learning problem and performing search in a document-only embedding space that captures document-document similarity, which can be learned ",0.8,True,True,True,0.654,4.942,5.596,
q004,1,How does HyDE (Hypothetical Document Embeddings) perform zero-shot dense retrieval without relevance,hyde,"HyDE performs zero-shot dense retrieval by searching in a document-only embedding space that captures document-document similarity, which can be easily learned using unsupervised methods.",0.8,True,True,True,2.245,3.592,5.837,
q004,1,How does HyDE (Hypothetical Document Embeddings) perform zero-shot dense retrieval without relevance,reranked,"HyDE performs zero-shot dense retrieval by pivoting through hypothetical document embeddings, which are generated by an instruction-following language model and then used in a contrastive encoder to c",0.9,True,True,True,1.283,4.792,6.075,
q005,1,"In LangChain, what is the difference between an Agent and a Chain in terms of how actions are determ",naive,There is no clear explanation of the difference between an Agent and a Chain in terms of how actions are determined in the provided context.,0.2,False,True,False,0.716,3.632,4.348,
q005,1,"In LangChain, what is the difference between an Agent and a Chain in terms of how actions are determ",hybrid,No information available,0.0,False,True,False,0.708,4.53,5.238,
q005,1,"In LangChain, what is the difference between an Agent and a Chain in terms of how actions are determ",hyde,There is no information provided in the context to determine the difference between an Agent and a Chain in terms of how actions are determined.,0.2,False,True,False,1.979,4.4,6.379,
q005,1,"In LangChain, what is the difference between an Agent and a Chain in terms of how actions are determ",reranked,Not explicitly stated in the provided context,0.2,False,True,False,1.455,2.798,4.253,
q006,1,How does the MultiQueryRetriever in LangChain work to improve document retrieval?,naive,Not mentioned in the context,0.0,False,True,False,0.603,5.798,6.401,
q006,1,How does the MultiQueryRetriever in LangChain work to improve document retrieval?,hybrid,Not mentioned in the context,0.0,False,True,False,0.419,4.552,4.971,
q006,1,How does the MultiQueryRetriever in LangChain work to improve document retrieval?,hyde,Not explicitly mentioned in the context,0.2,False,True,False,2.96,3.388,6.348,
q006,1,How does the MultiQueryRetriever in LangChain work to improve document retrieval?,reranked,Not mentioned in the context,0.0,False,True,False,1.459,3.654,5.113,
q007,1,What is the Pipeline API in HuggingFace Transformers and what tasks does it support?,naive,"The Pipeline API in HuggingFace Transformers supports various tasks, including text-generation, pair-classification, zero-shot classification, and question answering.",0.8,True,True,True,0.388,4.699,5.087,
q007,1,What is the Pipeline API in HuggingFace Transformers and what tasks does it support?,hybrid,A pipeline in Transformers is an abstraction referring to a series of steps that are executed in a specific order to preprocess and transform data and return a prediction from a model.,0.8,True,True,True,0.548,3.561,4.109,
q007,1,What is the Pipeline API in HuggingFace Transformers and what tasks does it support?,hyde,A pipeline in Hugging Face Transformers is an abstraction referring to a series of steps that are executed in a specific order to preprocess and transform data and return a prediction from a model. It,0.95,True,True,True,2.637,3.506,6.143,
q007,1,What is the Pipeline API in HuggingFace Transformers and what tasks does it support?,reranked,The Pipeline API in HuggingFace Transformers is an abstraction referring to a series of steps that are executed in a specific order to preprocess and transform data and return a prediction from a mode,0.8,True,True,True,1.486,3.805,5.291,
q008,1,"What are the three subword tokenization algorithms supported by HuggingFace Transformers, and which ",naive,"The context only mentions two subword tokenization algorithms: Unigram and Byte pair encoding (BPE). Unigram is used by models like T5, BigBird, and Pegasus. BPE is used by models like Llama, Gemma, a",0.8,True,True,True,0.588,4.94,5.528,
q008,1,"What are the three subword tokenization algorithms supported by HuggingFace Transformers, and which ",hybrid,"Byte pair encoding (BPE), Unigram, and WordPiece. BPE is used by models like Llama, Gemma, and Qwen2. Unigram is used by models like T5, BigBird, and Pegasus.",0.95,True,True,True,0.534,4.612,5.146,
q008,1,"What are the three subword tokenization algorithms supported by HuggingFace Transformers, and which ",hyde,"The three subword tokenization algorithms supported by HuggingFace Transformers are Byte pair encoding (BPE), Unigram, and WordPiece. BPE is used by models like Llama, Gemma, and Qwen2. Unigram is use",0.9,True,True,True,2.291,4.54,6.831,
q008,1,"What are the three subword tokenization algorithms supported by HuggingFace Transformers, and which ",reranked,"Byte pair encoding (BPE), Unigram, and WordPiece",1.0,True,True,True,1.551,4.687,6.238,
q009,1,"What is the LangChain integration for Anthropic's Claude models, and how do you install it?",naive,"The LangChain integration for Anthropic's Claude models is langchain-anthropic, and you can install it via pip, although the exact command is not provided in the context",0.8,True,True,True,0.594,4.816,5.41,
q009,1,"What is the LangChain integration for Anthropic's Claude models, and how do you install it?",hybrid,"The LangChain integration for Anthropic's Claude models can be found in the partners/anthropic/ directory. However, the context does not provide a specific installation command for the Anthropic integ",0.8,True,True,True,0.619,4.858,5.477,
q009,1,"What is the LangChain integration for Anthropic's Claude models, and how do you install it?",hyde,Not mentioned in the provided context,0.0,False,True,False,3.031,3.378,6.409,
q009,1,"What is the LangChain integration for Anthropic's Claude models, and how do you install it?",reranked,The LangChain integration for Anthropic's Claude models is langchain-anthropic and can be installed via pip install langchain-anthropic,0.8,True,True,True,1.543,3.674,5.217,
q010,1,"What is Scaled Dot-Product Attention as described in the 'Attention Is All You Need' paper, and why ",naive,"Scaled Dot-Product Attention is a type of attention mechanism where the dot products of the query with all keys are computed, divided by √dk, and a softmax function is applied to obtain the weights on",0.9,True,True,True,0.605,4.784,5.389,
q010,1,"What is Scaled Dot-Product Attention as described in the 'Attention Is All You Need' paper, and why ",hybrid,"Scaled Dot-Product Attention is a type of attention mechanism where the input consists of queries and keys of dimension dk, and values of dimension dv. The dot products of the query with all keys are ",0.8,True,True,True,0.575,4.944,5.519,
q010,1,"What is Scaled Dot-Product Attention as described in the 'Attention Is All You Need' paper, and why ",hyde,"Scaled Dot-Product Attention is a type of attention mechanism where the input consists of queries and keys of dimension dk, and values of dimension dv. The dot products of the query with all keys are ",0.9,True,True,True,2.143,4.675,6.818,
q010,1,"What is Scaled Dot-Product Attention as described in the 'Attention Is All You Need' paper, and why ",reranked,"Scaled Dot-Product Attention is an attention mechanism where the dot products of the query with all keys are computed, divided by √dk, and a softmax function is applied to obtain the weights on the va",0.9,True,True,True,1.389,3.759,5.148,
q011,2,"What are the steps to fine-tune a causal language model using HuggingFace Trainer, from data prepara",naive,"Not explicitly stated in the context, but some steps for training a model are: Load the model with AutoModelForDocumentQuestionAnswering, define training hyperparameters in TrainingArguments, and defi",0.2,False,True,False,0.434,4.759,5.193,
q011,2,"What are the steps to fine-tune a causal language model using HuggingFace Trainer, from data prepara",hybrid,The context does not provide a step-by-step guide for fine-tuning a causal language model using HuggingFace Trainer.,0.2,False,True,False,0.687,4.825,5.512,
q011,2,"What are the steps to fine-tune a causal language model using HuggingFace Trainer, from data prepara",hyde,"The context does not explicitly list all the steps to fine-tune a causal language model, but it mentions loading the model, defining training hyperparameters with TrainingArguments, and defining a fun",0.6,True,True,True,2.435,3.638,6.073,
q011,2,"What are the steps to fine-tune a causal language model using HuggingFace Trainer, from data prepara",reranked,The context does not provide a clear step-by-step guide for fine-tuning a causal language model using HuggingFace Trainer.,0.2,False,True,False,1.506,3.523,5.029,
q012,2,"Describe the complete procedure for building a ReAct agent in LangChain, including the required prom",naive,Not provided in the context,0.0,False,True,False,0.549,4.59,5.139,
q012,2,"Describe the complete procedure for building a ReAct agent in LangChain, including the required prom",hybrid,Not provided in the context,0.0,False,True,False,0.537,4.564,5.101,
q012,2,"Describe the complete procedure for building a ReAct agent in LangChain, including the required prom",hyde,Not described in the provided context,0.0,False,True,False,2.435,3.492,5.927,
q012,2,"Describe the complete procedure for building a ReAct agent in LangChain, including the required prom",reranked,Not specified in the context,0.0,False,True,False,1.381,3.581,4.962,
q013,2,"What are the key GPU training optimization techniques available in HuggingFace Transformers, and how",naive,"The key GPU training optimization techniques available in HuggingFace Transformers include batch size, gradient accumulation steps, gradient checkpointing, and using mixed precision training (e.g., bf",0.8,True,True,True,0.62,3.827,4.447,
q013,2,"What are the key GPU training optimization techniques available in HuggingFace Transformers, and how",hybrid,"batch size, gradient accumulation steps, and gradient checkpointing",0.8,True,True,True,0.629,4.624,5.253,
q013,2,"What are the key GPU training optimization techniques available in HuggingFace Transformers, and how",hyde,"batch size, gradient accumulation, and gradient checkpointing",0.8,True,True,True,2.187,3.556,5.743,
q013,2,"What are the key GPU training optimization techniques available in HuggingFace Transformers, and how",reranked,"The key techniques include adjusting batch size, using gradient checkpointing, and optimizing memory utilization. Batch size affects both training speed and memory usage. Gradient checkpointing and op",0.8,True,True,True,1.679,3.937,5.616,
q014,2,Compare the LoRA approach from the LoRA paper with the PEFT adapter approach described in HuggingFac,naive,Not enough information to compare LoRA approach and PEFT adapter approach.,0.2,False,True,False,0.626,4.675,5.301,
q014,2,Compare the LoRA approach from the LoRA paper with the PEFT adapter approach described in HuggingFac,hybrid,"The provided context does not contain enough information to compare the LoRA approach from the LoRA paper with the PEFT adapter approach described in HuggingFace Transformers docs in detail. However, ",0.2,False,True,False,0.464,3.803,4.267,
q014,2,Compare the LoRA approach from the LoRA paper with the PEFT adapter approach described in HuggingFac,hyde,"LoRA and PEFT adapter approach share similarities in being efficient fine-tuning methods. LoRA enables efficient fine-tuning by only training a small number of additional parameters, targeting languag",0.8,True,True,True,3.367,3.771,7.138,
q014,2,Compare the LoRA approach from the LoRA paper with the PEFT adapter approach described in HuggingFac,reranked,"The context does not provide a direct comparison between the LoRA approach from the LoRA paper and the PEFT adapter approach. However, both methods are used for efficient adaptation, with LoRA enablin",0.6,True,True,True,1.691,3.838,5.529,
q015,2,Compare how standard RAG and SELF-RAG differ in their approach to retrieval and generation. What spe,naive,SELF-RAG introduces a mechanism where it first determines if augmenting the continued generation with retrieved passages would be helpful and outputs a retrieval token that calls a retriever model on ,0.9,True,True,True,0.489,4.625,5.114,
q015,2,Compare how standard RAG and SELF-RAG differ in their approach to retrieval and generation. What spe,hybrid,SELF-RAG introduces a retrieval token that calls a retriever model on demand and uses its own generated reflection tokens to enforce soft constraints or hard control over the generated task output.,0.9,True,True,True,0.63,4.716,5.346,
q015,2,Compare how standard RAG and SELF-RAG differ in their approach to retrieval and generation. What spe,hyde,SELF-RAG differs from standard RAG in its approach to retrieval and generation by introducing a self-reflection mechanism. This mechanism involves generating special tokens to evaluate its own predict,0.9,True,True,True,2.207,4.698,6.905,
q015,2,Compare how standard RAG and SELF-RAG differ in their approach to retrieval and generation. What spe,reranked,"SELF-RAG introduces reflection tokens to determine the need for retrieval and self-evaluate generation quality, differing from standard RAG.",0.9,True,True,True,1.44,3.597,5.037,
q016,2,"Compare greedy search, beam search, and sampling as text generation decoding strategies in HuggingFa",naive,"The provided context does not contain a direct comparison of greedy search, beam search, and sampling as text generation decoding strategies. However, it mentions that greedy search is the default dec",0.6,True,True,True,0.427,4.93,5.357,
q016,2,"Compare greedy search, beam search, and sampling as text generation decoding strategies in HuggingFa",hybrid,Greedy search is the default decoding strategy and selects the next most likely token at each step. Beam search keeps track of several generated sequences and selects the sequence with the highest ove,0.8,True,True,True,0.756,3.711,4.467,
q016,2,"Compare greedy search, beam search, and sampling as text generation decoding strategies in HuggingFa",hyde,"Greedy search, beam search, and sampling are decoding strategies in text generation. Greedy search selects the most likely token, beam search keeps track of multiple sequences and selects the one with",0.8,True,True,True,2.754,3.677,6.431,
q016,2,"Compare greedy search, beam search, and sampling as text generation decoding strategies in HuggingFa",reranked,Greedy search is the default decoding strategy and works well for input-grounded tasks. Beam search can be used for more creative tasks and should be enabled with the num_beams parameter. Sampling can,0.8,True,True,True,1.256,4.437,5.693,
q017,2,"What are all the different types of retrievers available in LangChain, and how does the EnsembleRetr",naive,There is not enough information in the context to answer the question about the different types of retrievers available in LangChain and how the EnsembleRetriever combines multiple retriever results.,0.2,False,True,False,0.504,5.339,5.843,
q017,2,"What are all the different types of retrievers available in LangChain, and how does the EnsembleRetr",hybrid,"The context mentions the following retriever types: BM25, HyDE retrievers, Contriever, mContriever, DPR, ANCE, and mDPR. However, it does not provide information on the EnsembleRetriever.",0.2,False,True,False,0.571,3.778,4.349,
q017,2,"What are all the different types of retrievers available in LangChain, and how does the EnsembleRetr",hyde,"The context does not explicitly mention the types of retrievers available in LangChain. However, it mentions various retriever models such as Contriever, DPR, ANCE, mDPR, BM25, and RAG.",0.6,True,True,True,2.263,4.759,7.022,
q017,2,"What are all the different types of retrievers available in LangChain, and how does the EnsembleRetr",reranked,"The context mentions the following retrievers: BM25, DPR, ANCE, mDPR, HyDE, Contriever, and mContriever. However, it does not provide information about LangChain or EnsembleRetriever.",0.2,False,True,False,1.379,4.988,6.367,
q018,2,What are all the ways to reduce memory usage when training large language models with HuggingFace Tr,naive,"Use gradient checkpointing, set device_map to 'auto' to enable Big Model Inference, use torch_empty_cache_steps, and utilize the Model Memory Calculator to calculate memory requirements and choose a s",0.9,True,True,True,0.559,3.766,4.325,
q018,2,What are all the ways to reduce memory usage when training large language models with HuggingFace Tr,hybrid,"Using Gradient Low-Rank Projection (GaLore), gradient checkpointing, torch_empty_cache_steps(), reducing sub_group_size, and device_map='auto' to enable Big Model Inference",1.0,True,True,True,0.451,4.878,5.329,
q018,2,What are all the ways to reduce memory usage when training large language models with HuggingFace Tr,hyde,"DeepSpeed's ALST/Ulysses sequence parallelism, gradient checkpointing",0.8,True,True,True,2.439,4.713,7.152,
q018,2,What are all the ways to reduce memory usage when training large language models with HuggingFace Tr,reranked,"LoRA, GaLore, sharded checkpoints, Big Model Inference, and using lower bit data types",0.9,True,True,True,1.343,3.635,4.978,
q019,2,How does the Transformer architecture's multi-head attention mechanism relate to the LoRA paper's ch,naive,"The Transformer architecture's multi-head attention mechanism consists of four weight matrices in the self-attention module (Wq, Wk, Wv, Wo) which can be adapted with LoRA to reduce the number of trai",0.8,True,True,True,0.383,4.654,5.037,
q019,2,How does the Transformer architecture's multi-head attention mechanism relate to the LoRA paper's ch,hybrid,The Transformer architecture's multi-head attention mechanism is relevant to the LoRA paper's choice of which weight matrices to adapt because the paper limits its study to only adapting the attention,0.8,True,True,True,0.561,4.888,5.449,
q003,1,"What are the two RAG formulations introduced in the original RAG paper, and how do they differ in th",naive,"ERROR: <failed_attempts>

<generation number=""1"">
<exception>
    Error code: 400 - {'error': {'message': """,0.0,False,True,False,0.0,0.0,0.0,
q003,1,"What are the two RAG formulations introduced in the original RAG paper, and how do they differ in th",hyde,"ERROR: <failed_attempts>

<generation number=""1"">
<exception>
    Error code: 400 - {'error': {'message': """,0.0,False,True,False,0.0,0.0,0.0,
q019,2,How does the Transformer architecture's multi-head attention mechanism relate to the LoRA paper's ch,hyde,"The Transformer architecture's multi-head attention mechanism leads to the LoRA paper's choice of adapting weight matrices in the self-attention module, specifically Wq, Wk, Wv, or Wo, while freezing ",0.8,True,True,True,0.806,0.5,1.306,lora_paper.pdf|attention_paper.pdf
q019,2,How does the Transformer architecture's multi-head attention mechanism relate to the LoRA paper's ch,reranked,"The Transformer architecture has four weight matrices in the self-attention module (Wq, Wk, Wv, Wo) and the LoRA paper chooses to adapt the attention weights for downstream tasks, freezing the MLP mod",0.8,True,True,True,0.976,1.062,2.038,lora_paper.pdf
q020,2,How does the concept of KV caching in HuggingFace Transformers relate to the attention mechanism des,naive," KV caching in HuggingFace Transformers stores calculations of attention scores so they can be reused without recomputing them, similar to how the original Transformer paper describes attention mechan",0.8,True,True,True,0.452,0.775,1.227,cache_explanation.md|kv_cache.md|sglang.md
q020,2,How does the concept of KV caching in HuggingFace Transformers relate to the attention mechanism des,hybrid," KV caching in HuggingFace Transformers stores calculations of key and value pairs to reuse them without recomputing, which is related to the attention mechanism in the original Transformer paper wher",0.8,True,True,True,0.374,0.75,1.124,how_to_hack_models.md|attention_paper.pdf|cache_explanation.md
q020,2,How does the concept of KV caching in HuggingFace Transformers relate to the attention mechanism des,hyde,"The KV cache in HuggingFace Transformers stores the computations of the attention mechanism so they can be reused, reducing computation time and improving response rates. The attention mechanism descr",0.8,True,True,True,0.979,0.739,1.718,kv_cache.md|cache_explanation.md|llm_tutorial_optimization.md
q020,2,How does the concept of KV caching in HuggingFace Transformers relate to the attention mechanism des,reranked,"KV caching in HuggingFace Transformers is used to store the calculations of the attention mechanism so they can be reused without recomputing them, which is crucial for optimizing model performance.",0.8,True,True,True,1.288,0.651,1.939,how_to_hack_models.md|cache_explanation.md|kv_cache.md
q021,3,What is the current pricing for using the HuggingFace Inference API for production deployments?,naive,Not available in the context,0.0,False,False,True,0.316,2.554,2.87,overview.md|model.md|detr.md
q021,3,What is the current pricing for using the HuggingFace Inference API for production deployments?,hybrid,Not available in the context,0.0,False,False,True,0.424,0.563,0.987,layoutlmv2.md|torchtitan.md|overview.md
q021,3,What is the current pricing for using the HuggingFace Inference API for production deployments?,hyde,Not available in the context,0.0,False,False,True,0.937,0.274,1.211,selecting.md|assisted_decoding.md|perf_train_gpu_many.md
q021,3,What is the current pricing for using the HuggingFace Inference API for production deployments?,reranked,Unknown,0.0,False,False,True,0.815,0.503,1.318,pipeline_tutorial.md|keypoint_matching.md|model.md
q022,3,"What proprietary training data was used to train Anthropic's Claude models, and what are the specifi",naive,Not mentioned in the context,0.0,False,False,True,0.395,0.67,1.065,quicktour.md|trainer.md|layoutlmv2.md
q022,3,"What proprietary training data was used to train Anthropic's Claude models, and what are the specifi",hybrid,Not mentioned in the context,0.0,False,False,True,0.383,0.583,0.966,internvl.md|quicktour.md|trainer.md
q022,3,"What proprietary training data was used to train Anthropic's Claude models, and what are the specifi",hyde,Not mentioned in the context,0.0,False,False,True,1.23,0.311,1.541,seamless_m4t_v2.md|layoutlmv2.md|visual_question_answering.md
q022,3,"What proprietary training data was used to train Anthropic's Claude models, and what are the specifi",reranked,Not mentioned in the context,0.0,False,False,True,1.492,0.671,2.163,internvl.md|selfrag_paper.pdf|quicktour.md
q023,3,"What is the maximum sequence length that LangChain's RecursiveCharacterTextSplitter can handle, and ",naive,"ERROR: <failed_attempts>

<generation number=""1"">
<exception>
    Error code: 400 - {'error': {'message': """,0.0,False,False,False,0.0,0.0,0.0,
q023,3,"What is the maximum sequence length that LangChain's RecursiveCharacterTextSplitter can handle, and ",hybrid,"ERROR: <failed_attempts>

<generation number=""1"">
<exception>
    Error code: 400 - {'error': {'message': """,0.0,False,False,False,0.0,0.0,0.0,
q023,3,"What is the maximum sequence length that LangChain's RecursiveCharacterTextSplitter can handle, and ",hyde,"Not explicitly stated in the context, but sequence lengths up to 500K tokens are mentioned in relation to DeepSpeed's ALST/Ulysses sequence parallelism",0.2,False,False,True,0.809,0.458,1.267,deepspeed.md|README.md|attention_paper.pdf
q023,3,"What is the maximum sequence length that LangChain's RecursiveCharacterTextSplitter can handle, and ",reranked,"ERROR: <failed_attempts>

<generation number=""1"">
<exception>
    Error code: 400 - {'error': {'message': """,0.0,False,False,False,0.0,0.0,0.0,
q024,3,Which is better for building a production RAG system: using HuggingFace's built-in Pipeline or LangC,naive,Unknown,0.0,False,False,True,0.445,0.454,0.899,rag_paper.pdf
q024,3,Which is better for building a production RAG system: using HuggingFace's built-in Pipeline or LangC,hybrid,Unknown,0.0,False,False,True,0.34,0.488,0.828,rag_paper.pdf
q024,3,Which is better for building a production RAG system: using HuggingFace's built-in Pipeline or LangC,hyde,LangChain's retrieval chain approach,0.8,True,False,False,0.847,0.394,1.241,rag_paper.pdf|README.md
q024,3,Which is better for building a production RAG system: using HuggingFace's built-in Pipeline or LangC,reranked,No direct comparison available,0.2,False,False,True,1.341,0.704,2.045,rag_paper.pdf
q025,3,"Should I use LoRA with rank 4 or rank 8 for fine-tuning a 7B parameter model, and what performance d",naive,Use LoRA with rank 8 for slightly better performance,0.8,True,False,False,0.372,2.962,3.334,lora_paper.pdf
q025,3,"Should I use LoRA with rank 4 or rank 8 for fine-tuning a 7B parameter model, and what performance d",hybrid,The context does not provide enough information to determine whether LoRA with rank 4 or rank 8 is better for fine-tuning a 7B parameter model.,0.2,False,False,True,0.999,0.841,1.84,lora_paper.pdf|peft.md
q025,3,"Should I use LoRA with rank 4 or rank 8 for fine-tuning a 7B parameter model, and what performance d",hyde,The context does not provide a direct comparison between LoRA with rank 4 and rank 8 for a 7B parameter model.,0.2,False,False,True,1.249,1.475,2.724,lora_paper.pdf
q025,3,"Should I use LoRA with rank 4 or rank 8 for fine-tuning a 7B parameter model, and what performance d",reranked,"The context does not specify which rank is better for a 7B parameter model, but it does suggest that the performance peaks at r = 16 for validation loss and r = 4 for BLEU on GPT-2 Medium.",0.6,True,False,False,1.501,4.799,6.3,lora_paper.pdf|peft.md
q026,3,"Is the SciFact BEIR dataset suitable for evaluating biomedical question-answering systems, and how d",naive,"No, the context does not contain information about SciFact BEIR being used for biomedical question-answering, but it does mention that SciFact is part of the BEIR benchmark.",0.6,True,False,False,0.307,0.835,1.142,README.md|processors.md
q026,3,"Is the SciFact BEIR dataset suitable for evaluating biomedical question-answering systems, and how d",hybrid,No information provided,0.2,False,False,True,0.514,0.57,1.084,README.md|document_question_answering.md
q026,3,"Is the SciFact BEIR dataset suitable for evaluating biomedical question-answering systems, and how d",hyde,The context does not provide enough information to determine if SciFact BEIR is suitable for evaluating biomedical question-answering systems or how it compares to PubMedQA.,0.2,False,False,True,2.272,4.551,6.823,README.md|selfrag_paper.pdf
q026,3,"Is the SciFact BEIR dataset suitable for evaluating biomedical question-answering systems, and how d",reranked,The context does not provide a direct comparison between SciFact and PubMedQA for evaluating biomedical question-answering systems.,0.2,False,False,True,1.59,4.131,5.721,README.md|selfrag_paper.pdf
q027,3,What is the latest version of the LangChain Python package and what new features were added in the m,naive,Unknown,0.0,False,False,True,0.468,0.487,0.955,README.md|CLAUDE.md
q027,3,What is the latest version of the LangChain Python package and what new features were added in the m,hybrid,Not specified in the context,0.0,False,False,True,0.586,0.515,1.101,AGENTS.md|README.md
q027,3,What is the latest version of the LangChain Python package and what new features were added in the m,hyde,Not specified in the context,0.0,False,False,True,1.014,2.357,3.371,README.md
q027,3,What is the latest version of the LangChain Python package and what new features were added in the m,reranked,The context does not contain the latest version of the LangChain Python package or the new features added in the most recent release.,0.0,False,False,True,1.543,3.738,5.281,README.md|AGENTS.md
q028,3,"What are the current state-of-the-art BLEU scores for English-to-German translation, and which model",naive,"The Transformer (big) model achieves a state-of-the-art BLEU score of 28.4 for English-to-German translation, and the Transformer model achieves a state-of-the-art BLEU score of 41.0 for English-to-Fr",0.9,True,False,False,0.479,2.756,3.235,attention_paper.pdf
q028,3,"What are the current state-of-the-art BLEU scores for English-to-German translation, and which model",hybrid,28.4 BLEU score achieved by the big transformer model,1.0,True,False,False,0.403,0.516,0.919,attention_paper.pdf
q028,3,"What are the current state-of-the-art BLEU scores for English-to-German translation, and which model",hyde,"The current state-of-the-art BLEU score for English-to-German translation is 28.4, achieved by the Transformer (big) model.",1.0,True,False,False,1.123,2.514,3.637,attention_paper.pdf
q028,3,"What are the current state-of-the-art BLEU scores for English-to-German translation, and which model",reranked,"The current state-of-the-art BLEU score for English-to-German translation is 28.4, achieved by the big Transformer model.",1.0,True,False,False,1.338,3.753,5.091,attention_paper.pdf
q029,3,"How many ZeRO stages does DeepSpeed support, and does the LangChain documentation recommend using De",naive,"At least 3 ZeRO stages, but the exact number is not specified. The context does not mention the LangChain documentation.",0.8,True,False,False,0.362,0.703,1.065,deepspeed.md
q029,3,"How many ZeRO stages does DeepSpeed support, and does the LangChain documentation recommend using De",hybrid,"The context does not explicitly state the number of ZeRO stages DeepSpeed supports, but it mentions multiple stages and a few specific ones like ZeRO-1. It does not mention LangChain or its documentat",0.2,False,False,True,0.458,0.873,1.331,deepspeed.md
q029,3,"How many ZeRO stages does DeepSpeed support, and does the LangChain documentation recommend using De",hyde,"The context does not provide information about LangChain documentation or the total number of ZeRO stages DeepSpeed supports, but it mentions ZeRO-1 and ZeRO-3.",0.2,False,False,True,0.947,3.483,4.43,deepspeed.md
q029,3,"How many ZeRO stages does DeepSpeed support, and does the LangChain documentation recommend using De",reranked,"The context does not mention the LangChain documentation. However, it does mention that DeepSpeed is available in several ZeRO stages.",0.8,True,False,False,1.315,3.883,5.198,deepspeed.md
q030,3,The RAG paper and the LangChain documentation both describe retrieval-augmented generation. Do they ,naive,No,0.8,True,False,False,0.399,0.773,1.172,rag_paper.pdf
q030,3,The RAG paper and the LangChain documentation both describe retrieval-augmented generation. Do they ,hybrid,No,0.8,True,False,False,0.595,0.74,1.335,rag_paper.pdf
q030,3,The RAG paper and the LangChain documentation both describe retrieval-augmented generation. Do they ,hyde,No explicit agreement,0.8,True,False,False,1.001,3.438,4.439,rag_paper.pdf
q030,3,The RAG paper and the LangChain documentation both describe retrieval-augmented generation. Do they ,reranked,The context does not provide information on the recommended number of documents to retrieve per query.,0.0,False,False,True,1.109,3.608,4.717,selfrag_paper.pdf|visual_document_retrieval.md
