question_id,tier,strategy,question,answer,faithfulness,relevance,hallucination_free,abstention_correct,judge_score,reasoning
q001,1,naive,What are the default LoRA parameters used in the HuggingFace PEFT integration example for causal lan,"r=16, lora_alpha=32, target_modules=[""q_proj"", ""k_proj""]",0.0,1.0,0.0,1.0,0.5,The answer does not fully match the question about default LoRA parameters and contains invented specifics.
q001,1,hybrid,What are the default LoRA parameters used in the HuggingFace PEFT integration example for causal lan,"r=8, lora_alpha=32, lora_dropout=0.1",0.8,1.0,0.8,1.0,0.9,"The answer mentions the correct LoRA parameters, but does not specify any training details or requirements."
q001,1,hyde,What are the default LoRA parameters used in the HuggingFace PEFT integration example for causal lan,"r=16, lora_alpha=32",0.0,0.5,0.5,1.0,0.5,"The answer contains correct parameters but fails to mention the dropout rate and model size implications, making it partially relevant. It also omits critical implementation details."
q001,1,reranked,What are the default LoRA parameters used in the HuggingFace PEFT integration example for causal lan,"The default LoRA parameters used are: r=16 (LoRA rank), lora_alpha=32 (LoRA scaling factor). These control the dimension of the smaller matrices and the scaling of the LoRA adapter, respectively.",0.9,0.9,0.1,1.0,0.725,"The answer mentions specific LoRA parameters but lacks information about lora_dropout, which is not necessary for a high-level explanation. Although some specifics are omitted, the answer remains fair"
q002,1,naive,How does QLoRA combine quantization with LoRA for fine-tuning large language models according to the,"QLoRA combines quantization with LoRA by inserting a small set of trainable low-rank adaptation (LoRA) weights, enabling 4-bit quantization and maintaining trainability.",0.8,0.9,0.6,1.0,0.825,"The answer correctly describes the process of QLoRA combining quantization and LoRA, but lacks some specific details of QLoRA. For example, it does not mention that QLoRA is provided by the bitsandbyt"
q002,1,hybrid,How does QLoRA combine quantization with LoRA for fine-tuning large language models according to the,QLoRA is a 4-bit quantization technique that compresses models even further while maintaining trainability by inserting a small set of trainable low-rank adaptation (LoRA) weights.,0.8,0.9,0.7,1.0,0.85,"The answer provides a brief and accurate description of QLoRA, but lacks some specific details. It correctly describes the combination of 4-bit NF4 quantization and LoRA weights without hallucinating "
q002,1,hyde,How does QLoRA combine quantization with LoRA for fine-tuning large language models according to the,QLoRA combines quantization with LoRA for fine-tuning large language models by using a 4-bit quantization technique that compresses models even further while maintaining trainability by inserting a sm,0.5,1.0,0.0,1.0,0.625,"The answer captures the core concept but introduces specificities without question reference, which leads to a low hallucination-free score. Reasonable faithfulness score due to correct concepts but l"
q002,1,reranked,How does QLoRA combine quantization with LoRA for fine-tuning large language models according to the,QLoRA is a 4-bit quantization technique that compresses models even further while maintaining trainability by inserting a small set of trainable low-rank adaptation (LoRA) weights.,0.7,1.0,0.8,1.0,0.875,"The answer describes the process of QLoRA combining quantization with LoRA, but lacks some specifics about the library and model benchmarks. However, it maintains trainability and provides a good over"
q003,1,hybrid,"What are the two RAG formulations introduced in the original RAG paper, and how do they differ in th",RAG-Sequence and RAG-Token,0.8,0.9,0.7,1.0,0.85,"The RAG paper introduced RAG-Sequence, which generates the output sequence from the same retrieved document as a single latent variable, and RAG-Token, which predicts the token sequence using the retr"
q003,1,reranked,"What are the two RAG formulations introduced in the original RAG paper, and how do they differ in th","RAG-Sequence and RAG-Token. RAG-Sequence uses the same retrieved document across the whole generated sequence, while RAG-Token can use different passages per token.",0.8,1.0,0.6,1.0,0.85,"Although the answer correctly identifies RAG-Sequence and RAG-Token, it does not provide a detailed comparison of their use cases. A more thorough explanation would be beneficial for accurately assess"
q004,1,naive,How does HyDE (Hypothetical Document Embeddings) perform zero-shot dense retrieval without relevance,"HyDE performs zero-shot dense retrieval without relevance labels by performing search in a document-only embedding space that captures document-document similarity, which can be learned using unsuperv",0.8,0.7,0.4,1.0,0.725,The answer provides a general idea of HyDE's zero-shot dense retrieval without relevance but lacks specific details. It also slightly diverges from the reference answer.
q004,1,hybrid,How does HyDE (Hypothetical Document Embeddings) perform zero-shot dense retrieval without relevance,"HyDE performs zero-shot dense retrieval by circumventing the learning problem and performing search in a document-only embedding space that captures document-document similarity, which can be learned ",0.4,0.8,0.0,1.0,0.55,"While the answer mentions HyDE, it does not accurately capture its mechanism for zero-shot dense retrieval. The system incorrectly stated that HyDE learns similarity between documents."
q004,1,hyde,How does HyDE (Hypothetical Document Embeddings) perform zero-shot dense retrieval without relevance,"HyDE performs zero-shot dense retrieval by searching in a document-only embedding space that captures document-document similarity, which can be easily learned using unsupervised methods.",0.8,0.9,0.8,1.0,0.875,"The answer accurately describes HyDE's zero-shot dense retrieval method, but fails to capture the full complexity of the process, specifically the use of an instruction-following language model and un"
q004,1,reranked,How does HyDE (Hypothetical Document Embeddings) perform zero-shot dense retrieval without relevance,"HyDE performs zero-shot dense retrieval by pivoting through hypothetical document embeddings, which are generated by an instruction-following language model and then used in a contrastive encoder to c",0.5,0.75,0.0,1.0,0.562,"HyDE zero-shot dense retrieval involves generating hypothetical documents through an instruction-following language model and using a contrastive encoder. However, the provided explanation includes fa"
q005,1,naive,"In LangChain, what is the difference between an Agent and a Chain in terms of how actions are determ",There is no clear explanation of the difference between an Agent and a Chain in terms of how actions are determined in the provided context.,0.0,0.5,0.0,1.0,0.375,"The answer partially addresses the question by mentioning differences between Agents and Chains, but lacks specific details about how actions are determined. A language model's role in Agents is not d"
q005,1,hybrid,"In LangChain, what is the difference between an Agent and a Chain in terms of how actions are determ",No information available,0.2,0.0,0.2,1.0,0.35,This answer fails to provide any information regarding the difference between an Agent and a Chain in LangChain.
q005,1,hyde,"In LangChain, what is the difference between an Agent and a Chain in terms of how actions are determ",There is no information provided in the context to determine the difference between an Agent and a Chain in terms of how actions are determined.,0.5,0.8,0.2,1.0,0.625,"The provided answer lacks information on the action determination process in LangChain Agents and Chains, but it's answerable, so it correctly abstains from hallucinating an answer."
q005,1,reranked,"In LangChain, what is the difference between an Agent and a Chain in terms of how actions are determ",Not explicitly stated in the provided context,0.5,0.5,0.5,1.0,0.625,"The answer partially addresses the question and does not hallucinate, but has some invented specifics."
q006,1,naive,How does the MultiQueryRetriever in LangChain work to improve document retrieval?,Not mentioned in the context,0.0,0.5,0.0,1.0,0.375,The answer does not mention how the MultiQueryRetriever improves document retrieval. It claims the answer is not mentioned in context.
q006,1,hybrid,How does the MultiQueryRetriever in LangChain work to improve document retrieval?,Not mentioned in the context,0.0,0.0,0.0,1.0,0.25,"The answer does not provide any information about how the MultiQueryRetriever in LangChain improves document retrieval, which is the key aspect of the question. In fact, it states that the answer is n"
q006,1,hyde,How does the MultiQueryRetriever in LangChain work to improve document retrieval?,Not explicitly mentioned in the context,0.0,0.5,0.0,1.0,0.375,The answer does not address the question about how the MultiQueryRetriever in LangChain works to improve document retrieval. It seems to be referencing a different context or concept.
q006,1,reranked,How does the MultiQueryRetriever in LangChain work to improve document retrieval?,Not mentioned in the context,0.0,0.5,0.0,1.0,0.375,"The answer does not contain any factual information, making it uninformative and lacking in faithfulness."
q007,1,naive,What is the Pipeline API in HuggingFace Transformers and what tasks does it support?,"The Pipeline API in HuggingFace Transformers supports various tasks, including text-generation, pair-classification, zero-shot classification, and question answering.",0.0,0.8,0.0,1.0,0.45,"The answer partially addresses the question, missing information about specific tasks and inference acceleration, and does not provide a clear explanation of task support. It does, however, accurately"
q007,1,hybrid,What is the Pipeline API in HuggingFace Transformers and what tasks does it support?,A pipeline in Transformers is an abstraction referring to a series of steps that are executed in a specific order to preprocess and transform data and return a prediction from a model.,0.8,0.7,0.0,1.0,0.625,This answer captures the core concept of a Pipeline but lacks precision regarding its capabilities. It also does not mention supported tasks explicitly.
q007,1,hyde,What is the Pipeline API in HuggingFace Transformers and what tasks does it support?,A pipeline in Hugging Face Transformers is an abstraction referring to a series of steps that are executed in a specific order to preprocess and transform data and return a prediction from a model. It,0.7,0.9,0.8,1.0,0.85,"The answer accurately describes what a pipeline is in HuggingFace Transformers, but lacks details about supported tasks and other features."
q007,1,reranked,What is the Pipeline API in HuggingFace Transformers and what tasks does it support?,The Pipeline API in HuggingFace Transformers is an abstraction referring to a series of steps that are executed in a specific order to preprocess and transform data and return a prediction from a mode,0.7,0.9,0.4,1.0,0.75,"The answer provides a general description of the Pipeline API's functionality, but lacks specific details about supported tasks and implementations."
q008,1,naive,"What are the three subword tokenization algorithms supported by HuggingFace Transformers, and which ","The context only mentions two subword tokenization algorithms: Unigram and Byte pair encoding (BPE). Unigram is used by models like T5, BigBird, and Pegasus. BPE is used by models like Llama, Gemma, a",0.0,0.0,0.0,1.0,0.25,"The answer lacked a crucial detail, only mentioning 2 subword tokenization algorithms instead of 3. The provided information about specific models and their usage also raises red flags for fabricated "
q008,1,hybrid,"What are the three subword tokenization algorithms supported by HuggingFace Transformers, and which ","Byte pair encoding (BPE), Unigram, and WordPiece. BPE is used by models like Llama, Gemma, and Qwen2. Unigram is used by models like T5, BigBird, and Pegasus.",0.5,0.8,0.0,1.0,0.575,"The information about the specific models using each algorithm was partially mentioned, but it could have been more comprehensive."
q008,1,hyde,"What are the three subword tokenization algorithms supported by HuggingFace Transformers, and which ","The three subword tokenization algorithms supported by HuggingFace Transformers are Byte pair encoding (BPE), Unigram, and WordPiece. BPE is used by models like Llama, Gemma, and Qwen2. Unigram is use",0.6,0.8,0.1,1.0,0.625,"The answer provides a good overview of the three subword tokenization algorithms supported by HuggingFace Transformers, but lacks specific details and is not entirely accurate."
q008,1,reranked,"What are the three subword tokenization algorithms supported by HuggingFace Transformers, and which ","Byte pair encoding (BPE), Unigram, and WordPiece",1.0,0.9,0.9,1.0,0.95,"The answer directly addresses the question, but misses the part about which models use which tokenization algorithms."
q009,1,naive,"What is the LangChain integration for Anthropic's Claude models, and how do you install it?","The LangChain integration for Anthropic's Claude models is langchain-anthropic, and you can install it via pip, although the exact command is not provided in the context",0.8,0.9,0.4,1.0,0.775,"The LangChain integration for Anthropic's models is partially addressed, but the installation command is not fully specified."
q009,1,hybrid,"What is the LangChain integration for Anthropic's Claude models, and how do you install it?","The LangChain integration for Anthropic's Claude models can be found in the partners/anthropic/ directory. However, the context does not provide a specific installation command for the Anthropic integ",0.6,0.7,0.2,1.0,0.625,"The answer is partially grounded, but lacks direct installation instructions. The LangChain integration's documentation can be found online for more detailed information."
q009,1,hyde,"What is the LangChain integration for Anthropic's Claude models, and how do you install it?",Not mentioned in the provided context,0.0,0.5,0.0,1.0,0.375,The answer does not provide accurate information about the LangChain integration for Anthropic's generative models.
q009,1,reranked,"What is the LangChain integration for Anthropic's Claude models, and how do you install it?",The LangChain integration for Anthropic's Claude models is langchain-anthropic and can be installed via pip install langchain-anthropic,1.0,0.9,0.5,1.0,0.85,Claims are reasonable but lacks specific details. Directly addresses the main question.
q010,1,naive,"What is Scaled Dot-Product Attention as described in the 'Attention Is All You Need' paper, and why ","Scaled Dot-Product Attention is a type of attention mechanism where the dot products of the query with all keys are computed, divided by √dk, and a softmax function is applied to obtain the weights on",0.8,0.9,0.0,1.0,0.675,"The response accurately describes Scaled Dot-Product Attention, but fails to mention the formula 'Attention(Q, K, V) = softmax(QK^T / sqrt(dk))V'."
q010,1,hybrid,"What is Scaled Dot-Product Attention as described in the 'Attention Is All You Need' paper, and why ","Scaled Dot-Product Attention is a type of attention mechanism where the input consists of queries and keys of dimension dk, and values of dimension dv. The dot products of the query with all keys are ",0.7,0.8,0.5,1.0,0.75,"The answer describes the core idea of Scaled Dot-Product Attention, but lacks specific details. It does not mention the exact formula or any implementation aspects."
q010,1,hyde,"What is Scaled Dot-Product Attention as described in the 'Attention Is All You Need' paper, and why ","Scaled Dot-Product Attention is a type of attention mechanism where the input consists of queries and keys of dimension dk, and values of dimension dv. The dot products of the query with all keys are ",0.5,0.8,0.5,1.0,0.7,"The answer explains the general idea of Scaled Dot-Product Attention, but lacks specific details. The RAG system score is penalized for this reason."
q010,1,reranked,"What is Scaled Dot-Product Attention as described in the 'Attention Is All You Need' paper, and why ","Scaled Dot-Product Attention is an attention mechanism where the dot products of the query with all keys are computed, divided by √dk, and a softmax function is applied to obtain the weights on the va",0.6,0.8,0.5,1.0,0.725,"Answer describes most aspects of Scaled Dot-Product Attention correctly, but misses the mathematical formula and a crucial detail in its explanation."
q011,2,naive,"What are the steps to fine-tune a causal language model using HuggingFace Trainer, from data prepara","Not explicitly stated in the context, but some steps for training a model are: Load the model with AutoModelForDocumentQuestionAnswering, define training hyperparameters in TrainingArguments, and defi",0.8,0.3,0.2,1.0,0.575,The response partially addresses the question but lacks essential steps to fine-tune a causal language model. It fails to mention key aspects such as data preparation and model evaluation.
q011,2,hybrid,"What are the steps to fine-tune a causal language model using HuggingFace Trainer, from data prepara",The context does not provide a step-by-step guide for fine-tuning a causal language model using HuggingFace Trainer.,0.0,0.0,0.0,1.0,0.25,The RAG answer does not provide any step-by-step guide for fine-tuning a causal language model using HuggingFace Trainer.
q011,2,hyde,"What are the steps to fine-tune a causal language model using HuggingFace Trainer, from data prepara","The context does not explicitly list all the steps to fine-tune a causal language model, but it mentions loading the model, defining training hyperparameters with TrainingArguments, and defining a fun",0.4,0.0,0.0,1.0,0.35,"The answer doesn't specify necessary steps for fine-tuning a causal language model, mentions loading the model, but doesn't provide essential details such as data tokenization, model training setup, a"
q011,2,reranked,"What are the steps to fine-tune a causal language model using HuggingFace Trainer, from data prepara",The context does not provide a clear step-by-step guide for fine-tuning a causal language model using HuggingFace Trainer.,0.0,0.5,0.0,1.0,0.375,The answer is incomplete and lacks concrete instructions for fine-tuning a causal language model with HuggingFace Trainer. It doesn't address common hallucination traps such as specific final loss val
q012,2,naive,"Describe the complete procedure for building a ReAct agent in LangChain, including the required prom",Not provided in the context,0.0,0.0,0.0,1.0,0.25,"The provided answer does not match the question, hence not providing any reasoning."
q012,2,hybrid,"Describe the complete procedure for building a ReAct agent in LangChain, including the required prom",Not provided in the context,1.0,1.0,0.5,1.0,0.875,"The correct procedure requires an LLM, sequence of tools, and prompt template for building a ReAct agent in LangChain. However, the provided answer does not mention any of this."
q012,2,hyde,"Describe the complete procedure for building a ReAct agent in LangChain, including the required prom",Not described in the provided context,0.0,0.0,0.0,1.0,0.25,"The provided answer lacks essential details of the procedure, resulting in incorrect implementation of the ReAct agent in LangChain."
q012,2,reranked,"Describe the complete procedure for building a ReAct agent in LangChain, including the required prom",Not specified in the context,1.0,1.0,1.0,1.0,1.0,"The claims are grounded and reasonable, without invented specifics. The answer directly addresses the question without any off-topic information."
q013,2,naive,"What are the key GPU training optimization techniques available in HuggingFace Transformers, and how","The key GPU training optimization techniques available in HuggingFace Transformers include batch size, gradient accumulation steps, gradient checkpointing, and using mixed precision training (e.g., bf",0.0,0.5,0.0,1.0,0.375,The provided answer attempts to address the question but omits important GPU training optimization techniques and fails to mention the TrainingArguments configuration in HuggingFace Transformers. Key 
q013,2,hybrid,"What are the key GPU training optimization techniques available in HuggingFace Transformers, and how","batch size, gradient accumulation steps, and gradient checkpointing",0.6,0.9,0.1,1.0,0.65,"The answer mentions GPU training optimization techniques, but could be more specific about their impact. More details would increase the faithfulness score."
q013,2,hyde,"What are the key GPU training optimization techniques available in HuggingFace Transformers, and how","batch size, gradient accumulation, and gradient checkpointing",0.5,0.8,0.2,1.0,0.625,"The answer only briefly mentions some GPU training techniques for HuggingFace Transformers. However, it omits specific details and explanations about each technique."
q013,2,reranked,"What are the key GPU training optimization techniques available in HuggingFace Transformers, and how","The key techniques include adjusting batch size, using gradient checkpointing, and optimizing memory utilization. Batch size affects both training speed and memory usage. Gradient checkpointing and op",0.8,1.0,0.0,1.0,0.7,"The answer briefly mentions key GPU training optimization techniques in HuggingFace Transformers. However, it lacks specifics and fails to provide grounded information."
q014,2,naive,Compare the LoRA approach from the LoRA paper with the PEFT adapter approach described in HuggingFac,Not enough information to compare LoRA approach and PEFT adapter approach.,0.0,1.0,0.0,1.0,0.5,Answer was too vague to provide a valid comparison of LoRA approach and PEFT adapter approach.
q014,2,hybrid,Compare the LoRA approach from the LoRA paper with the PEFT adapter approach described in HuggingFac,"The provided context does not contain enough information to compare the LoRA approach from the LoRA paper with the PEFT adapter approach described in HuggingFace Transformers docs in detail. However, ",0.0,0.0,0.0,1.0,0.25,"The answer does not address the question directly and contains no information about LoRA or PEFT adapter approaches. It implies that the question context is insufficient, which is misleading."
q014,2,hyde,Compare the LoRA approach from the LoRA paper with the PEFT adapter approach described in HuggingFac,"LoRA and PEFT adapter approach share similarities in being efficient fine-tuning methods. LoRA enables efficient fine-tuning by only training a small number of additional parameters, targeting languag",0.8,0.9,0.7,1.0,0.85,"Both LoRA and PEFT adapter approaches aim to improve fine-tuning efficiency, but they differ in their implementation. LoRA injects trainable matrices into pre-trained model weights, whereas PEFT uses "
q014,2,reranked,Compare the LoRA approach from the LoRA paper with the PEFT adapter approach described in HuggingFac,"The context does not provide a direct comparison between the LoRA approach from the LoRA paper and the PEFT adapter approach. However, both methods are used for efficient adaptation, with LoRA enablin",0.0,0.75,0.0,1.0,0.438,"The answer lacks specific claims, but is relevant to the question. However, it contains invented specifics, such as the specific benchmark comparisons and inference latency numbers."
q015,2,naive,Compare how standard RAG and SELF-RAG differ in their approach to retrieval and generation. What spe,SELF-RAG introduces a mechanism where it first determines if augmenting the continued generation with retrieved passages would be helpful and outputs a retrieval token that calls a retriever model on ,0.6,0.8,0.5,1.0,0.725,"The answer highlights the main difference between Standard RAG and SELF-RAG. However, specific details are missing and the answer slightly drifts off-topic."
q015,2,hybrid,Compare how standard RAG and SELF-RAG differ in their approach to retrieval and generation. What spe,SELF-RAG introduces a retrieval token that calls a retriever model on demand and uses its own generated reflection tokens to enforce soft constraints or hard control over the generated task output.,0.8,0.9,0.5,1.0,0.8,"SELF-RAG introduces soft constraints via a retrieval token, whereas standard RAG uses pre-retrieved passages to inform generation. This differentiates their approaches to retrieval and generation."
q015,2,hyde,Compare how standard RAG and SELF-RAG differ in their approach to retrieval and generation. What spe,SELF-RAG differs from standard RAG in its approach to retrieval and generation by introducing a self-reflection mechanism. This mechanism involves generating special tokens to evaluate its own predict,0.8,0.9,0.6,1.0,0.825,"The provided answer correctly identifies the self-reflection mechanism of SELF-RAG. However, it lacks specific details on the comparison with standard RAG in terms of retrieval and generation, affecti"
q015,2,reranked,Compare how standard RAG and SELF-RAG differ in their approach to retrieval and generation. What spe,"SELF-RAG introduces reflection tokens to determine the need for retrieval and self-evaluate generation quality, differing from standard RAG.",1.0,1.0,0.7,1.0,0.925,"Standard RAG combines a pre-trained seq2seq model and a dense vector index of Wikipedia, while SELF-RAG introduces reflection tokens for retrieval and self-evaluation of generation quality."
q016,2,naive,"Compare greedy search, beam search, and sampling as text generation decoding strategies in HuggingFa","The provided context does not contain a direct comparison of greedy search, beam search, and sampling as text generation decoding strategies. However, it mentions that greedy search is the default dec",0.8,0.9,0.4,1.0,0.775,"The answer fails to compare the strategies in-depth but mentions the default strategy. Greedy search's limitations are described, but not in comparison to the other two methods."
q016,2,hybrid,"Compare greedy search, beam search, and sampling as text generation decoding strategies in HuggingFa",Greedy search is the default decoding strategy and selects the next most likely token at each step. Beam search keeps track of several generated sequences and selects the sequence with the highest ove,0.8,0.9,0.9,1.0,0.9,"Greedy search, beam search, and sampling are decoding strategies in HuggingFace Transformers. Greedy search is the default strategy that selects the most likely next token at each step."
q016,2,hyde,"Compare greedy search, beam search, and sampling as text generation decoding strategies in HuggingFa","Greedy search, beam search, and sampling are decoding strategies in text generation. Greedy search selects the most likely token, beam search keeps track of multiple sequences and selects the one with",0.5,0.9,0.3,1.0,0.675,"Claims are mostly grounded and reasonable, but lacking some necessary specifics. Directly addresses the question but fails to provide a thorough comparison of all three strategies."
q016,2,reranked,"Compare greedy search, beam search, and sampling as text generation decoding strategies in HuggingFa",Greedy search is the default decoding strategy and works well for input-grounded tasks. Beam search can be used for more creative tasks and should be enabled with the num_beams parameter. Sampling can,0.7,0.8,0.6,1.0,0.775,"The answer is relatively faithful and relevant. However, it lacks some specifics and introduces minor creative aspects from sampling. It does not break any rules set by the question."
q017,2,naive,"What are all the different types of retrievers available in LangChain, and how does the EnsembleRetr",There is not enough information in the context to answer the question about the different types of retrievers available in LangChain and how the EnsembleRetriever combines multiple retriever results.,0.8,0.7,0.2,1.0,0.675,"The answer mostly addresses the types of retrievers available in LangChain and attempts to explain the EnsembleRetriever, but is incomplete and lacks sufficient detail."
q017,2,hybrid,"What are all the different types of retrievers available in LangChain, and how does the EnsembleRetr","The context mentions the following retriever types: BM25, HyDE retrievers, Contriever, mContriever, DPR, ANCE, and mDPR. However, it does not provide information on the EnsembleRetriever.",0.8,0.8,0.0,1.0,0.65,"The answer correctly identifies several retriever types available in LangChain but fails to address the specific EnsembleRetriever question. Although well-grounded for the provided types, hallucinatio"
q017,2,hyde,"What are all the different types of retrievers available in LangChain, and how does the EnsembleRetr","The context does not explicitly mention the types of retrievers available in LangChain. However, it mentions various retriever models such as Contriever, DPR, ANCE, mDPR, BM25, and RAG.",0.4,0.7,0.0,1.0,0.525,"The answer does not mention all available retriever types in LangChain, but mentions some. It does not correctly represent what is available, leading to a lower faithfulness score."
q017,2,reranked,"What are all the different types of retrievers available in LangChain, and how does the EnsembleRetr","The context mentions the following retrievers: BM25, DPR, ANCE, mDPR, HyDE, Contriever, and mContriever. However, it does not provide information about LangChain or EnsembleRetriever.",0.0,1.0,0.0,1.0,0.5,"The answer fails to fully ground claims, mentioning specific retrievers and providing no invented specifics. However, it partially addresses the question by mentioning various types of retrievers avai"
q018,2,naive,What are all the ways to reduce memory usage when training large language models with HuggingFace Tr,"Use gradient checkpointing, set device_map to 'auto' to enable Big Model Inference, use torch_empty_cache_steps, and utilize the Model Memory Calculator to calculate memory requirements and choose a s",0.9,0.9,0.7,1.0,0.875,"The answer provides a general overview of ways to reduce memory usage, but does not mention gradient accumulation."
q018,2,hybrid,What are all the ways to reduce memory usage when training large language models with HuggingFace Tr,"Using Gradient Low-Rank Projection (GaLore), gradient checkpointing, torch_empty_cache_steps(), reducing sub_group_size, and device_map='auto' to enable Big Model Inference",0.6,0.8,0.4,1.0,0.7,"The answer provides several memory usage reduction techniques, but lacks specific details and exact numbers. It mentions GaLore but lacks explanation, and does not directly compare other memory-saving"
q018,2,hyde,What are all the ways to reduce memory usage when training large language models with HuggingFace Tr,"DeepSpeed's ALST/Ulysses sequence parallelism, gradient checkpointing",0.8,0.8,0.5,1.0,0.775,"The response mentions relevant strategies for reducing memory usage during the training of large language models with HuggingFace Transformers. However, it lacks specifics on exact memory savings and "
q018,2,reranked,What are all the ways to reduce memory usage when training large language models with HuggingFace Tr,"LoRA, GaLore, sharded checkpoints, Big Model Inference, and using lower bit data types",0.7,0.7,0.9,1.0,0.825,"The answer provides a list of techniques to reduce memory usage but does not fully justify them or estimate their impact in terms of memory savings, training time, or exact model usage. It lacks a cle"
q019,2,naive,How does the Transformer architecture's multi-head attention mechanism relate to the LoRA paper's ch,"The Transformer architecture's multi-head attention mechanism consists of four weight matrices in the self-attention module (Wq, Wk, Wv, Wo) which can be adapted with LoRA to reduce the number of trai",0.6,0.8,0.4,1.0,0.7,"The Transformer architecture's multi-head attention uses h=8 parallel attention heads, each with projection matrices Wq, Wk, Wv (for queries, keys, values) and Wo (output projection). However, the ans"
q019,2,hybrid,How does the Transformer architecture's multi-head attention mechanism relate to the LoRA paper's ch,The Transformer architecture's multi-head attention mechanism is relevant to the LoRA paper's choice of which weight matrices to adapt because the paper limits its study to only adapting the attention,0.0,0.5,0.0,1.0,0.375,"The answer deviates from the Ground Truth significantly, containing only a vague relation to the LoRA paper. It lacks specific information about the Transformer's multi-head attention mechanism."
q019,2,hyde,How does the Transformer architecture's multi-head attention mechanism relate to the LoRA paper's ch,"The Transformer architecture's multi-head attention mechanism leads to the LoRA paper's choice of adapting weight matrices in the self-attention module, specifically Wq, Wk, Wv, or Wo, while freezing ",0.8,0.5,0.2,1.0,0.625,The answer lacks specific details about the LoRA paper's adaptation. It provides a general idea but misses key components such as the model architecture.
q019,2,reranked,How does the Transformer architecture's multi-head attention mechanism relate to the LoRA paper's ch,"The Transformer architecture has four weight matrices in the self-attention module (Wq, Wk, Wv, Wo) and the LoRA paper chooses to adapt the attention weights for downstream tasks, freezing the MLP mod",0.4,0.6,0.2,1.0,0.55,The answer partially addresses the Transformer architecture's multi-head attention mechanism but invents specifics about the number of heads and their dimensions. It does not accurately describe the L
q020,2,naive,How does the concept of KV caching in HuggingFace Transformers relate to the attention mechanism des," KV caching in HuggingFace Transformers stores calculations of attention scores so they can be reused without recomputing them, similar to how the original Transformer paper describes attention mechan",0.8,0.9,0.4,1.0,0.775,"The answer describes the concept of KV caching in HuggingFace Transformers, but includes some invented specifics about the original Transformer paper."
q020,2,hybrid,How does the concept of KV caching in HuggingFace Transformers relate to the attention mechanism des," KV caching in HuggingFace Transformers stores calculations of key and value pairs to reuse them without recomputing, which is related to the attention mechanism in the original Transformer paper wher",0.8,0.9,0.7,1.0,0.85,The answer correctly explains KV caching in relation to the attention mechanism but lacks some specifics.
q020,2,hyde,How does the concept of KV caching in HuggingFace Transformers relate to the attention mechanism des,"The KV cache in HuggingFace Transformers stores the computations of the attention mechanism so they can be reused, reducing computation time and improving response rates. The attention mechanism descr",0.9,0.9,0.0,1.0,0.7,"The answer correctly captures the relation between KV caching and the attention mechanism in HuggingFace Transformers, but lacks specific details and introduces minor fabrications."
q020,2,reranked,How does the concept of KV caching in HuggingFace Transformers relate to the attention mechanism des,"KV caching in HuggingFace Transformers is used to store the calculations of the attention mechanism so they can be reused without recomputing them, which is crucial for optimizing model performance.",0.8,0.9,0.6,1.0,0.825,"The answer accurately describes how KV caching optimizes model performance for HuggingFace Transformers, but slightly misses the details of how exact weights are stored. It directly addresses the ques"
q021,3,naive,What is the current pricing for using the HuggingFace Inference API for production deployments?,Not available in the context,1.0,1.0,1.0,1.0,1.0,System correctly abstained due to unavailability of information. Answer is accurate and does not fabricate any specifics.
q021,3,hybrid,What is the current pricing for using the HuggingFace Inference API for production deployments?,Not available in the context,1.0,1.0,1.0,1.0,1.0,The model correctly abstained from answering as it cannot determine the current pricing for HuggingFace Inference API in production deployments.
q021,3,hyde,What is the current pricing for using the HuggingFace Inference API for production deployments?,Not available in the context,1.0,1.0,1.0,1.0,1.0,The system correctly abstained from providing an answer due to the unavailability of the pricing information.
q021,3,reranked,What is the current pricing for using the HuggingFace Inference API for production deployments?,Unknown,1.0,1.0,1.0,1.0,1.0,"The system correctly abstained from providing an answer as the information is missing, outdated, or ambiguous. This demonstrates a good understanding of its limitations"
q022,3,naive,"What proprietary training data was used to train Anthropic's Claude models, and what are the specifi",Not mentioned in the context,0.8,1.0,1.0,1.0,0.95,The model correctly abstained from answering the question as the information is not provided in the context.
q022,3,hybrid,"What proprietary training data was used to train Anthropic's Claude models, and what are the specifi",Not mentioned in the context,1.0,1.0,1.0,1.0,1.0,The answer correctly reflects the system's limitation and does not generate any information that may be considered fabricated.
q022,3,hyde,"What proprietary training data was used to train Anthropic's Claude models, and what are the specifi",Not mentioned in the context,1.0,1.0,1.0,1.0,1.0,System correctly abstained from answering as the information is not provided.
q022,3,reranked,"What proprietary training data was used to train Anthropic's Claude models, and what are the specifi",Not mentioned in the context,0.5,0.5,0.8,1.0,0.7,"The answer directly abstains from the question, indicating a lack of information or context regarding the training data used for Anthropic's Claude models. This is an expected behavior when faced with"
q023,3,hyde,"What is the maximum sequence length that LangChain's RecursiveCharacterTextSplitter can handle, and ","Not explicitly stated in the context, but sequence lengths up to 500K tokens are mentioned in relation to DeepSpeed's ALST/Ulysses sequence parallelism",0.5,1.0,0.0,1.0,0.625,"The answer is partially grounded and mentions sequence lengths up to 500K tokens, but it is an invented specific value in the context of the question. This results in a partially low faithfulness scor"
q024,3,naive,Which is better for building a production RAG system: using HuggingFace's built-in Pipeline or LangC,Unknown,0.0,0.0,0.0,0.0,0.0,HuggingFace's built-in Pipeline or LangC for building a production RAG system was not mentioned. The answer lacks information about the comparison and specifics.
q024,3,hybrid,Which is better for building a production RAG system: using HuggingFace's built-in Pipeline or LangC,Unknown,0.0,0.0,0.0,0.0,0.0,"The system does not provide a valid comparison between HuggingFace's Pipeline and LangC, making it unclear which is better. The system should have abstained from providing an answer since the informat"
q024,3,hyde,Which is better for building a production RAG system: using HuggingFace's built-in Pipeline or LangC,LangChain's retrieval chain approach,0.5,0.2,0.0,0.0,0.175,"Claims of using LangChain's retrieval chain approach being better are somewhat grounded, but completely off-topic. It does not address whether HuggingFace's built-in Pipeline is suitable for a product"
q024,3,reranked,Which is better for building a production RAG system: using HuggingFace's built-in Pipeline or LangC,No direct comparison available,0.6,0.4,0.4,1.0,0.6,"While the system provides a correct abstention, the lack of direct comparison makes it difficult to fully assess its capabilities."
q025,3,naive,"Should I use LoRA with rank 4 or rank 8 for fine-tuning a 7B parameter model, and what performance d",Use LoRA with rank 8 for slightly better performance,0.0,0.0,0.0,0.0,0.0,The system should have abstained from answering as it doesn't have the required information
q025,3,hybrid,"Should I use LoRA with rank 4 or rank 8 for fine-tuning a 7B parameter model, and what performance d",The context does not provide enough information to determine whether LoRA with rank 4 or rank 8 is better for fine-tuning a 7B parameter model.,1.0,1.0,1.0,1.0,1.0,"The system correctly identified that information is missing, making it impossible to determine the best fine-tuning approach."
q025,3,hyde,"Should I use LoRA with rank 4 or rank 8 for fine-tuning a 7B parameter model, and what performance d",The context does not provide a direct comparison between LoRA with rank 4 and rank 8 for a 7B parameter model.,0.8,0.8,0.8,1.0,0.85,The system acknowledges the context's limitations and abstains from providing a comparison between LoRA with rank 4 and rank 8 for a 7B parameter model.
q025,3,reranked,"Should I use LoRA with rank 4 or rank 8 for fine-tuning a 7B parameter model, and what performance d","The context does not specify which rank is better for a 7B parameter model, but it does suggest that the performance peaks at r = 16 for validation loss and r = 4 for BLEU on GPT-2 Medium.",0.8,0.6,0.8,0.0,0.55,The system failed to consider the specific model size and instead referred to a different model (GPT-2 Medium) to make a general claim.
q026,3,naive,"Is the SciFact BEIR dataset suitable for evaluating biomedical question-answering systems, and how d","No, the context does not contain information about SciFact BEIR being used for biomedical question-answering, but it does mention that SciFact is part of the BEIR benchmark.",0.0,0.0,0.0,0.0,0.0,The answer fabricates information not present in the question. The RAG system incorrectly tried to answer an unanswerable question.
q026,3,hybrid,"Is the SciFact BEIR dataset suitable for evaluating biomedical question-answering systems, and how d",No information provided,1.0,1.0,1.0,1.0,1.0,"The system correctly abstained from providing an answer due to lack of information about SciFact BEIR dataset suitability for biomedical question-answering systems, therefore no answer could be fabric"
q026,3,hyde,"Is the SciFact BEIR dataset suitable for evaluating biomedical question-answering systems, and how d",The context does not provide enough information to determine if SciFact BEIR is suitable for evaluating biomedical question-answering systems or how it compares to PubMedQA.,0.0,0.0,0.0,1.0,0.25,"Correct abstention on missing information, no fabricated answer."
q026,3,reranked,"Is the SciFact BEIR dataset suitable for evaluating biomedical question-answering systems, and how d",The context does not provide a direct comparison between SciFact and PubMedQA for evaluating biomedical question-answering systems.,1.0,0.5,1.0,1.0,0.875,The answer is correct for not being able to answer the question directly. The system appropriately abstained and didn't provide any fabricated information.
q027,3,naive,What is the latest version of the LangChain Python package and what new features were added in the m,Unknown,1.0,1.0,1.0,1.0,1.0,"Correct abstention on an unanswerable question, no fabrication or hallucination detected."
q027,3,hybrid,What is the latest version of the LangChain Python package and what new features were added in the m,Not specified in the context,0.5,0.0,1.0,1.0,0.625,"The system correctly abstained from answering the question, as the required information was not specified in the context. This result shows the system's ability to handle ambiguous or unanswerable que"
q027,3,hyde,What is the latest version of the LangChain Python package and what new features were added in the m,Not specified in the context,1.0,0.0,1.0,1.0,0.75,"The system's answer is correct because it acknowledges the lack of information, demonstrating faithfulness and correctly opting out of providing an answer."
q027,3,reranked,What is the latest version of the LangChain Python package and what new features were added in the m,The context does not contain the latest version of the LangChain Python package or the new features added in the most recent release.,1.0,0.5,1.0,1.0,0.875,The system correctly abstained from answering as it does not have the information about the LangChain Python package version and new features added in the most recent release. The system's response is
q028,3,naive,"What are the current state-of-the-art BLEU scores for English-to-German translation, and which model","The Transformer (big) model achieves a state-of-the-art BLEU score of 28.4 for English-to-German translation, and the Transformer model achieves a state-of-the-art BLEU score of 41.0 for English-to-Fr",0.0,0.0,0.0,0.0,0.0,"The answer attempts to provide a specific score for an English-to-German translation, which is not directly addressed in the question. The system incorrectly tried to answer, as the information is mis"
q028,3,hybrid,"What are the current state-of-the-art BLEU scores for English-to-German translation, and which model",28.4 BLEU score achieved by the big transformer model,0.0,0.0,0.0,1.0,0.25,"The system is correct in not providing an answer, but the answer itself is incorrect. The correct answer should have been that the system cannot answer with the given information."
q028,3,hyde,"What are the current state-of-the-art BLEU scores for English-to-German translation, and which model","The current state-of-the-art BLEU score for English-to-German translation is 28.4, achieved by the Transformer (big) model.",0.0,0.0,0.0,0.0,0.0,Failed to abstain from answering a question with missing or outdated information. The correct response would have been to declare inability to answer due to a lack of specific model achievements and r
q028,3,reranked,"What are the current state-of-the-art BLEU scores for English-to-German translation, and which model","The current state-of-the-art BLEU score for English-to-German translation is 28.4, achieved by the big Transformer model.",0.0,0.0,0.0,0.0,0.0,"The system attempted to provide an answer to a question it should not have attempted to answer, failing on multiple dimensions."
q029,3,naive,"How many ZeRO stages does DeepSpeed support, and does the LangChain documentation recommend using De","At least 3 ZeRO stages, but the exact number is not specified. The context does not mention the LangChain documentation.",0.5,0.0,0.0,0.0,0.125,"The system attempted to answer a question that requires information about ZeRO stages and LangChain documentation, but only mentioned ZeRO stages. This does not fully respond to the question."
q029,3,hybrid,"How many ZeRO stages does DeepSpeed support, and does the LangChain documentation recommend using De","The context does not explicitly state the number of ZeRO stages DeepSpeed supports, but it mentions multiple stages and a few specific ones like ZeRO-1. It does not mention LangChain or its documentat",1.0,0.5,1.0,1.0,0.875,"The system acknowledged the ambiguity and lack of information in the question, thus correctly abstaining from providing a direct answer. The provided answer is fully grounded, does not contain invente"
q029,3,hyde,"How many ZeRO stages does DeepSpeed support, and does the LangChain documentation recommend using De","The context does not provide information about LangChain documentation or the total number of ZeRO stages DeepSpeed supports, but it mentions ZeRO-1 and ZeRO-3.",0.6,0.5,0.8,1.0,0.725,The system correctly abstained from answering a question it could not find sufficient information about and provided a partial understanding of the topic by mentioning two specific ZeRO stages.
q029,3,reranked,"How many ZeRO stages does DeepSpeed support, and does the LangChain documentation recommend using De","The context does not mention the LangChain documentation. However, it does mention that DeepSpeed is available in several ZeRO stages.",0.0,0.0,0.0,0.0,0.0,The system incorrectly tried to answer a question it cannot fully answer. The provided context does not mention LangChain or its documentation.
q030,3,naive,The RAG paper and the LangChain documentation both describe retrieval-augmented generation. Do they ,No,0.0,1.0,0.0,0.0,0.25,"The answer contradicts the question and is not grounded in any information from the RAG paper or the LangChain documentation which both describe retrieval-augmented generation. Therefore, the answer s"
q030,3,hybrid,The RAG paper and the LangChain documentation both describe retrieval-augmented generation. Do they ,No,0.0,0.0,0.0,0.0,0.0,"The system incorrectly answered despite not having enough information, and fabricated a response."
q030,3,hyde,The RAG paper and the LangChain documentation both describe retrieval-augmented generation. Do they ,No explicit agreement,0.0,0.0,0.0,0.0,0.0,"The system failed to provide a clear and direct answer to the question, and instead fabricated a response. The correct answer is that there's no explicit agreement between the RAG paper and the LangCh"
q030,3,reranked,The RAG paper and the LangChain documentation both describe retrieval-augmented generation. Do they ,The context does not provide information on the recommended number of documents to retrieve per query.,1.0,0.5,1.0,1.0,0.875,The system correctly abstained from providing an answer since the information is missing. The correct response is that the system should NOT be able to answer it.
